País OVE;País Banco Mundial;Código ISO 2;Código ISO 3;Región;Nivel de ingreso;Año;Área temática;ID área;Subárea;ID subárea;Código indicador;Indicador;Valor;Fuente;Fecha descarga;Error descarga
Venezuela;Venezuela, RB;VE;VEN;Latin America & Caribbean;Not classified;1960;Infraestructura y digitalización;infraestructura_y_digitalizacion;Banda ancha;banda_ancha;IT.NET.BBND.P2;Suscripciones de banda ancha fija por cada 100 habitantes;;Banco Mundial - World Development Indicators;2026-05-21;
Venezuela;Venezuela, RB;VE;VEN;Latin America & Caribbean;Not classified;1961;Infraestructura y digitalización;infraestructura_y_digitalizacion;Banda ancha;banda_ancha;IT.NET.BBND.P2;Suscripciones de banda ancha fija por cada 100 habitantes;;Banco Mundial - World Development Indicators;2026-05-21;
Venezuela;Venezuela, RB;VE;VEN;Latin America & Caribbean;Not classified;1962;Infraestructura y digitalización;infraestructura_y_digitalizacion;Banda ancha;banda_ancha;IT.NET.BBND.P2;Suscripciones de banda ancha fija por cada 100 habitantes;;Banco Mundial - World Development Indicators;2026-05-21;
Venezuela;Venezuela, RB;VE;VEN;Latin America & Caribbean;Not classified;1963;Infraestructura y digitalización;infraestructura_y_digitalizacion;Banda ancha;banda_ancha;IT.NET.BBND.P2;Suscripciones de banda ancha fija por cada 100 habitantes;;Banco Mundial - World Development Indicators;2026-05-21;
Venezuela;Venezuela, RB;VE;VEN;Latin America & Caribbean;Not classified;1964;Infraestructura y digitalización;infraestructura_y_digitalizacion;Banda ancha;banda_ancha;IT.NET.BBND.P2;Suscripciones de banda ancha fija por cada 100 habitantes;;Banco Mundial - World Development Indicators;2026-05-21;
Venezuela;Venezuela, RB;VE;VEN;Latin America & Caribbean;Not classified;1965;Infraestructura y digitalización;infraestructura_y_digitalizacion;Banda ancha;banda_ancha;IT.NET.BBND.P2;Suscripciones de banda ancha fija por cada 100 habitantes;;Banco Mundial - World Development Indicators;2026-05-21;
Venezuela;Venezuela, RB;VE;VEN;Latin America & Caribbean;Not classified;1966;Infraestructura y digitalización;infraestructura_y_digitalizacion;Banda ancha;banda_ancha;IT.NET.BBND.P2;Suscripciones de banda ancha fija por cada 100 habitantes;;Banco Mundial - World Development Indicators;2026-05-21;
Venezuela;Venezuela, RB;VE;VEN;Latin America & Caribbean;Not classified;1967;Infraestructura y digitalización;infraestructura_y_digitalizacion;Banda ancha;banda_ancha;IT.NET.BBND.P2;Suscripciones de banda ancha fija por cada 100 habitantes;;Banco Mundial - World Development Indicators;2026-05-21;
Venezuela;Venezuela, RB;VE;VEN;Latin America & Caribbean;Not classified;1968;Infraestructura y digitalización;infraestructura_y_digitalizacion;Banda ancha;banda_ancha;IT.NET.BBND.P2;Suscripciones de banda ancha fija por cada 100 habitantes;;Banco Mundial - World Development Indicators;2026-05-21;
Venezuela;Venezuela, RB;VE;VEN;Latin America & Caribbean;Not classified;1969;Infraestructura y digitalización;infraestructura_y_digitalizacion;Banda ancha;banda_ancha;IT.NET.BBND.P2;Suscripciones de banda ancha fija por cada 100 habitantes;;Banco Mundial - World Development Indicators;2026-05-21;
Venezuela;Venezuela, RB;VE;VEN;Latin America & Caribbean;Not classified;1970;Infraestructura y digitalización;infraestructura_y_digitalizacion;Banda ancha;banda_ancha;IT.NET.BBND.P2;Suscripciones de banda ancha fija por cada 100 habitantes;;Banco Mundial - World Development Indicators;2026-05-21;
Venezuela;Venezuela, RB;VE;VEN;Latin America & Caribbean;Not classified;1971;Infraestructura y digitalización;infraestructura_y_digitalizacion;Banda ancha;banda_ancha;IT.NET.BBND.P2;Suscripciones de banda ancha fija por cada 100 habitantes;;Banco Mundial - World Development Indicators;2026-05-21;
Venezuela;Venezuela, RB;VE;VEN;Latin America & Caribbean;Not classified;1972;Infraestructura y digitalización;infraestructura_y_digitalizacion;Banda ancha;banda_ancha;IT.NET.BBND.P2;Suscripciones de banda ancha fija por cada 100 habitantes;;Banco Mundial - World Development Indicators;2026-05-21;
Venezuela;Venezuela, RB;VE;VEN;Latin America & Caribbean;Not classified;1973;Infraestructura y digitalización;infraestructura_y_digitalizacion;Banda ancha;banda_ancha;IT.NET.BBND.P2;Suscripciones de banda ancha fija por cada 100 habitantes;;Banco Mundial - World Development Indicators;2026-05-21;
Venezuela;Venezuela, RB;VE;VEN;Latin America & Caribbean;Not classified;1974;Infraestructura y digitalización;infraestructura_y_digitalizacion;Banda ancha;banda_ancha;IT.NET.BBND.P2;Suscripciones de banda ancha fija por cada 100 habitantes;;Banco Mundial - World Development Indicators;2026-05-21;
Venezuela;Venezuela, RB;VE;VEN;Latin America & Caribbean;Not classified;1975;Infraestructura y digitalización;infraestructura_y_digitalizacion;Banda ancha;banda_ancha;IT.NET.BBND.P2;Suscripciones de banda ancha fija por cada 100 habitantes;;Banco Mundial - World Development Indicators;2026-05-21;
Venezuela;Venezuela, RB;VE;VEN;Latin America & Caribbean;Not classified;1976;Infraestructura y digitalización;infraestructura_y_digitalizacion;Banda ancha;banda_ancha;IT.NET.BBND.P2;Suscripciones de banda ancha fija por cada 100 habitantes;;Banco Mundial - World Development Indicators;2026-05-21;
Venezuela;Venezuela, RB;VE;VEN;Latin America & Caribbean;Not classified;1977;Infraestructura y digitalización;infraestructura_y_digitalizacion;Banda ancha;banda_ancha;IT.NET.BBND.P2;Suscripciones de banda ancha fija por cada 100 habitantes;;Banco Mundial - World Development Indicators;2026-05-21;
Venezuela;Venezuela, RB;VE;VEN;Latin America & Caribbean;Not classified;1978;Infraestructura y digitalización;infraestructura_y_digitalizacion;Banda ancha;banda_ancha;IT.NET.BBND.P2;Suscripciones de banda ancha fija por cada 100 habitantes;;Banco Mundial - World Development Indicators;2026-05-21;
Venezuela;Venezuela, RB;VE;VEN;Latin America & Caribbean;Not classified;1979;Infraestructura y digitalización;infraestructura_y_digitalizacion;Banda ancha;banda_ancha;IT.NET.BBND.P2;Suscripciones de banda ancha fija por cada 100 habitantes;;Banco Mundial - World Development Indicators;2026-05-21;
Venezuela;Venezuela, RB;VE;VEN;Latin America & Caribbean;Not classified;1980;Infraestructura y digitalización;infraestructura_y_digitalizacion;Banda ancha;banda_ancha;IT.NET.BBND.P2;Suscripciones de banda ancha fija por cada 100 habitantes;;Banco Mundial - World Development Indicators;2026-05-21;
Venezuela;Venezuela, RB;VE;VEN;Latin America & Caribbean;Not classified;1981;Infraestructura y digitalización;infraestructura_y_digitalizacion;Banda ancha;banda_ancha;IT.NET.BBND.P2;Suscripciones de banda ancha fija por cada 100 habitantes;;Banco Mundial - World Development Indicators;2026-05-21;
Venezuela;Venezuela, RB;VE;VEN;Latin America & Caribbean;Not classified;1982;Infraestructura y digitalización;infraestructura_y_digitalizacion;Banda ancha;banda_ancha;IT.NET.BBND.P2;Suscripciones de banda ancha fija por cada 100 habitantes;;Banco Mundial - World Development Indicators;2026-05-21;
Venezuela;Venezuela, RB;VE;VEN;Latin America & Caribbean;Not classified;1983;Infraestructura y digitalización;infraestructura_y_digitalizacion;Banda ancha;banda_ancha;IT.NET.BBND.P2;Suscripciones de banda ancha fija por cada 100 habitantes;;Banco Mundial - World Development Indicators;2026-05-21;
Venezuela;Venezuela, RB;VE;VEN;Latin America & Caribbean;Not classified;1984;Infraestructura y digitalización;infraestructura_y_digitalizacion;Banda ancha;banda_ancha;IT.NET.BBND.P2;Suscripciones de banda ancha fija por cada 100 habitantes;;Banco Mundial - World Development Indicators;2026-05-21;
Venezuela;Venezuela, RB;VE;VEN;Latin America & Caribbean;Not classified;1985;Infraestructura y digitalización;infraestructura_y_digitalizacion;Banda ancha;banda_ancha;IT.NET.BBND.P2;Suscripciones de banda ancha fija por cada 100 habitantes;;Banco Mundial - World Development Indicators;2026-05-21;
Venezuela;Venezuela, RB;VE;VEN;Latin America & Caribbean;Not classified;1986;Infraestructura y digitalización;infraestructura_y_digitalizacion;Banda ancha;banda_ancha;IT.NET.BBND.P2;Suscripciones de banda ancha fija por cada 100 habitantes;;Banco Mundial - World Development Indicators;2026-05-21;
Venezuela;Venezuela, RB;VE;VEN;Latin America & Caribbean;Not classified;1987;Infraestructura y digitalización;infraestructura_y_digitalizacion;Banda ancha;banda_ancha;IT.NET.BBND.P2;Suscripciones de banda ancha fija por cada 100 habitantes;;Banco Mundial - World Development Indicators;2026-05-21;
Venezuela;Venezuela, RB;VE;VEN;Latin America & Caribbean;Not classified;1988;Infraestructura y digitalización;infraestructura_y_digitalizacion;Banda ancha;banda_ancha;IT.NET.BBND.P2;Suscripciones de banda ancha fija por cada 100 habitantes;;Banco Mundial - World Development Indicators;2026-05-21;
Venezuela;Venezuela, RB;VE;VEN;Latin America & Caribbean;Not classified;1989;Infraestructura y digitalización;infraestructura_y_digitalizacion;Banda ancha;banda_ancha;IT.NET.BBND.P2;Suscripciones de banda ancha fija por cada 100 habitantes;;Banco Mundial - World Development Indicators;2026-05-21;
Venezuela;Venezuela, RB;VE;VEN;Latin America & Caribbean;Not classified;1990;Infraestructura y digitalización;infraestructura_y_digitalizacion;Banda ancha;banda_ancha;IT.NET.BBND.P2;Suscripciones de banda ancha fija por cada 100 habitantes;;Banco Mundial - World Development Indicators;2026-05-21;
Venezuela;Venezuela, RB;VE;VEN;Latin America & Caribbean;Not classified;1991;Infraestructura y digitalización;infraestructura_y_digitalizacion;Banda ancha;banda_ancha;IT.NET.BBND.P2;Suscripciones de banda ancha fija por cada 100 habitantes;;Banco Mundial - World Development Indicators;2026-05-21;
Venezuela;Venezuela, RB;VE;VEN;Latin America & Caribbean;Not classified;1992;Infraestructura y digitalización;infraestructura_y_digitalizacion;Banda ancha;banda_ancha;IT.NET.BBND.P2;Suscripciones de banda ancha fija por cada 100 habitantes;;Banco Mundial - World Development Indicators;2026-05-21;
Venezuela;Venezuela, RB;VE;VEN;Latin America & Caribbean;Not classified;1993;Infraestructura y digitalización;infraestructura_y_digitalizacion;Banda ancha;banda_ancha;IT.NET.BBND.P2;Suscripciones de banda ancha fija por cada 100 habitantes;;Banco Mundial - World Development Indicators;2026-05-21;
Venezuela;Venezuela, RB;VE;VEN;Latin America & Caribbean;Not classified;1994;Infraestructura y digitalización;infraestructura_y_digitalizacion;Banda ancha;banda_ancha;IT.NET.BBND.P2;Suscripciones de banda ancha fija por cada 100 habitantes;;Banco Mundial - World Development Indicators;2026-05-21;
Venezuela;Venezuela, RB;VE;VEN;Latin America & Caribbean;Not classified;1995;Infraestructura y digitalización;infraestructura_y_digitalizacion;Banda ancha;banda_ancha;IT.NET.BBND.P2;Suscripciones de banda ancha fija por cada 100 habitantes;;Banco Mundial - World Development Indicators;2026-05-21;
Venezuela;Venezuela, RB;VE;VEN;Latin America & Caribbean;Not classified;1996;Infraestructura y digitalización;infraestructura_y_digitalizacion;Banda ancha;banda_ancha;IT.NET.BBND.P2;Suscripciones de banda ancha fija por cada 100 habitantes;;Banco Mundial - World Development Indicators;2026-05-21;
Venezuela;Venezuela, RB;VE;VEN;Latin America & Caribbean;Not classified;1997;Infraestructura y digitalización;infraestructura_y_digitalizacion;Banda ancha;banda_ancha;IT.NET.BBND.P2;Suscripciones de banda ancha fija por cada 100 habitantes;;Banco Mundial - World Development Indicators;2026-05-21;
Venezuela;Venezuela, RB;VE;VEN;Latin America & Caribbean;Not classified;1998;Infraestructura y digitalización;infraestructura_y_digitalizacion;Banda ancha;banda_ancha;IT.NET.BBND.P2;Suscripciones de banda ancha fija por cada 100 habitantes;;Banco Mundial - World Development Indicators;2026-05-21;
Venezuela;Venezuela, RB;VE;VEN;Latin America & Caribbean;Not classified;1999;Infraestructura y digitalización;infraestructura_y_digitalizacion;Banda ancha;banda_ancha;IT.NET.BBND.P2;Suscripciones de banda ancha fija por cada 100 habitantes;;Banco Mundial - World Development Indicators;2026-05-21;
Venezuela;Venezuela, RB;VE;VEN;Latin America & Caribbean;Not classified;2000;Infraestructura y digitalización;infraestructura_y_digitalizacion;Banda ancha;banda_ancha;IT.NET.BBND.P2;Suscripciones de banda ancha fija por cada 100 habitantes;1,82372620084196e-02;Banco Mundial - World Development Indicators;2026-05-21;
Venezuela;Venezuela, RB;VE;VEN;Latin America & Caribbean;Not classified;2001;Infraestructura y digitalización;infraestructura_y_digitalizacion;Banda ancha;banda_ancha;IT.NET.BBND.P2;Suscripciones de banda ancha fija por cada 100 habitantes;1,46661787014387e-01;Banco Mundial - World Development Indicators;2026-05-21;
Venezuela;Venezuela, RB;VE;VEN;Latin America & Caribbean;Not classified;2002;Infraestructura y digitalización;infraestructura_y_digitalizacion;Banda ancha;banda_ancha;IT.NET.BBND.P2;Suscripciones de banda ancha fija por cada 100 habitantes;3,07249610202931e-01;Banco Mundial - World Development Indicators;2026-05-21;
Venezuela;Venezuela, RB;VE;VEN;Latin America & Caribbean;Not classified;2003;Infraestructura y digitalización;infraestructura_y_digitalizacion;Banda ancha;banda_ancha;IT.NET.BBND.P2;Suscripciones de banda ancha fija por cada 100 habitantes;4,51853172687301e-01;Banco Mundial - World Development Indicators;2026-05-21;
Venezuela;Venezuela, RB;VE;VEN;Latin America & Caribbean;Not classified;2004;Infraestructura y digitalización;infraestructura_y_digitalizacion;Banda ancha;banda_ancha;IT.NET.BBND.P2;Suscripciones de banda ancha fija por cada 100 habitantes;7,98034595558425e-01;Banco Mundial - World Development Indicators;2026-05-21;
Venezuela;Venezuela, RB;VE;VEN;Latin America & Caribbean;Not classified;2005;Infraestructura y digitalización;infraestructura_y_digitalizacion;Banda ancha;banda_ancha;IT.NET.BBND.P2;Suscripciones de banda ancha fija por cada 100 habitantes;1,32980141271847e+00;Banco Mundial - World Development Indicators;2026-05-21;
Venezuela;Venezuela, RB;VE;VEN;Latin America & Caribbean;Not classified;2006;Infraestructura y digitalización;infraestructura_y_digitalizacion;Banda ancha;banda_ancha;IT.NET.BBND.P2;Suscripciones de banda ancha fija por cada 100 habitantes;1,97478127020455e+00;Banco Mundial - World Development Indicators;2026-05-21;
Venezuela;Venezuela, RB;VE;VEN;Latin America & Caribbean;Not classified;2007;Infraestructura y digitalización;infraestructura_y_digitalizacion;Banda ancha;banda_ancha;IT.NET.BBND.P2;Suscripciones de banda ancha fija por cada 100 habitantes;3,10246568790753e+00;Banco Mundial - World Development Indicators;2026-05-21;
Venezuela;Venezuela, RB;VE;VEN;Latin America & Caribbean;Not classified;2008;Infraestructura y digitalización;infraestructura_y_digitalizacion;Banda ancha;banda_ancha;IT.NET.BBND.P2;Suscripciones de banda ancha fija por cada 100 habitantes;3,97495217742432e+00;Banco Mundial - World Development Indicators;2026-05-21;
Venezuela;Venezuela, RB;VE;VEN;Latin America & Caribbean;Not classified;2009;Infraestructura y digitalización;infraestructura_y_digitalizacion;Banda ancha;banda_ancha;IT.NET.BBND.P2;Suscripciones de banda ancha fija por cada 100 habitantes;4,92838214157542e+00;Banco Mundial - World Development Indicators;2026-05-21;
Venezuela;Venezuela, RB;VE;VEN;Latin America & Caribbean;Not classified;2010;Infraestructura y digitalización;infraestructura_y_digitalizacion;Banda ancha;banda_ancha;IT.NET.BBND.P2;Suscripciones de banda ancha fija por cada 100 habitantes;5,80665024566429e+00;Banco Mundial - World Development Indicators;2026-05-21;
Venezuela;Venezuela, RB;VE;VEN;Latin America & Caribbean;Not classified;2011;Infraestructura y digitalización;infraestructura_y_digitalizacion;Banda ancha;banda_ancha;IT.NET.BBND.P2;Suscripciones de banda ancha fija por cada 100 habitantes;6,22108895422792e+00;Banco Mundial - World Development Indicators;2026-05-21;
Venezuela;Venezuela, RB;VE;VEN;Latin America & Caribbean;Not classified;2012;Infraestructura y digitalización;infraestructura_y_digitalizacion;Banda ancha;banda_ancha;IT.NET.BBND.P2;Suscripciones de banda ancha fija por cada 100 habitantes;6,89152396038334e+00;Banco Mundial - World Development Indicators;2026-05-21;
Venezuela;Venezuela, RB;VE;VEN;Latin America & Caribbean;Not classified;2013;Infraestructura y digitalización;infraestructura_y_digitalizacion;Banda ancha;banda_ancha;IT.NET.BBND.P2;Suscripciones de banda ancha fija por cada 100 habitantes;7,46662281387680e+00;Banco Mundial - World Development Indicators;2026-05-21;
Venezuela;Venezuela, RB;VE;VEN;Latin America & Caribbean;Not classified;2014;Infraestructura y digitalización;infraestructura_y_digitalizacion;Banda ancha;banda_ancha;IT.NET.BBND.P2;Suscripciones de banda ancha fija por cada 100 habitantes;7,93308895636850e+00;Banco Mundial - World Development Indicators;2026-05-21;
Venezuela;Venezuela, RB;VE;VEN;Latin America & Caribbean;Not classified;2015;Infraestructura y digitalización;infraestructura_y_digitalizacion;Banda ancha;banda_ancha;IT.NET.BBND.P2;Suscripciones de banda ancha fija por cada 100 habitantes;8,47031913288859e+00;Banco Mundial - World Development Indicators;2026-05-21;
Venezuela;Venezuela, RB;VE;VEN;Latin America & Caribbean;Not classified;2016;Infraestructura y digitalización;infraestructura_y_digitalizacion;Banda ancha;banda_ancha;IT.NET.BBND.P2;Suscripciones de banda ancha fija por cada 100 habitantes;8,49644019382612e+00;Banco Mundial - World Development Indicators;2026-05-21;
Venezuela;Venezuela, RB;VE;VEN;Latin America & Caribbean;Not classified;2017;Infraestructura y digitalización;infraestructura_y_digitalizacion;Banda ancha;banda_ancha;IT.NET.BBND.P2;Suscripciones de banda ancha fija por cada 100 habitantes;8,53198574083448e+00;Banco Mundial - World Development Indicators;2026-05-21;
Venezuela;Venezuela, RB;VE;VEN;Latin America & Caribbean;Not classified;2018;Infraestructura y digitalización;infraestructura_y_digitalizacion;Banda ancha;banda_ancha;IT.NET.BBND.P2;Suscripciones de banda ancha fija por cada 100 habitantes;8,73796850144755e+00;Banco Mundial - World Development Indicators;2026-05-21;
Venezuela;Venezuela, RB;VE;VEN;Latin America & Caribbean;Not classified;2019;Infraestructura y digitalización;infraestructura_y_digitalizacion;Banda ancha;banda_ancha;IT.NET.BBND.P2;Suscripciones de banda ancha fija por cada 100 habitantes;8,85037434042832e+00;Banco Mundial - World Development Indicators;2026-05-21;
Venezuela;Venezuela, RB;VE;VEN;Latin America & Caribbean;Not classified;2020;Infraestructura y digitalización;infraestructura_y_digitalizacion;Banda ancha;banda_ancha;IT.NET.BBND.P2;Suscripciones de banda ancha fija por cada 100 habitantes;9,00606477756336e+00;Banco Mundial - World Development Indicators;2026-05-21;
Venezuela;Venezuela, RB;VE;VEN;Latin America & Caribbean;Not classified;2021;Infraestructura y digitalización;infraestructura_y_digitalizacion;Banda ancha;banda_ancha;IT.NET.BBND.P2;Suscripciones de banda ancha fija por cada 100 habitantes;9,24243601472720e+00;Banco Mundial - World Development Indicators;2026-05-21;
Venezuela;Venezuela, RB;VE;VEN;Latin America & Caribbean;Not classified;2022;Infraestructura y digitalización;infraestructura_y_digitalizacion;Banda ancha;banda_ancha;IT.NET.BBND.P2;Suscripciones de banda ancha fija por cada 100 habitantes;9,58036143387288e+00;Banco Mundial - World Development Indicators;2026-05-21;
Venezuela;Venezuela, RB;VE;VEN;Latin America & Caribbean;Not classified;2023;Infraestructura y digitalización;infraestructura_y_digitalizacion;Banda ancha;banda_ancha;IT.NET.BBND.P2;Suscripciones de banda ancha fija por cada 100 habitantes;1,06380535371830e+01;Banco Mundial - World Development Indicators;2026-05-21;
Venezuela;Venezuela, RB;VE;VEN;Latin America & Caribbean;Not classified;2024;Infraestructura y digitalización;infraestructura_y_digitalizacion;Banda ancha;banda_ancha;IT.NET.BBND.P2;Suscripciones de banda ancha fija por cada 100 habitantes;1,29446636524427e+01;Banco Mundial - World Development Indicators;2026-05-21;
Venezuela;Venezuela, RB;VE;VEN;Latin America & Caribbean;Not classified;2025;Infraestructura y digitalización;infraestructura_y_digitalizacion;Banda ancha;banda_ancha;IT.NET.BBND.P2;Suscripciones de banda ancha fija por cada 100 habitantes;;Banco Mundial - World Development Indicators;2026-05-21;
Venezuela;Venezuela, RB;VE;VEN;Latin America & Caribbean;Not classified;1960;Infraestructura y digitalización;infraestructura_y_digitalizacion;Internet;internet;IT.NET.USER.ZS;Usuarios de internet como porcentaje de la población;;Banco Mundial - World Development Indicators;2026-05-21;
Venezuela;Venezuela, RB;VE;VEN;Latin America & Caribbean;Not classified;1961;Infraestructura y digitalización;infraestructura_y_digitalizacion;Internet;internet;IT.NET.USER.ZS;Usuarios de internet como porcentaje de la población;;Banco Mundial - World Development Indicators;2026-05-21;
Venezuela;Venezuela, RB;VE;VEN;Latin America & Caribbean;Not classified;1962;Infraestructura y digitalización;infraestructura_y_digitalizacion;Internet;internet;IT.NET.USER.ZS;Usuarios de internet como porcentaje de la población;;Banco Mundial - World Development Indicators;2026-05-21;
Venezuela;Venezuela, RB;VE;VEN;Latin America & Caribbean;Not classified;1963;Infraestructura y digitalización;infraestructura_y_digitalizacion;Internet;internet;IT.NET.USER.ZS;Usuarios de internet como porcentaje de la población;;Banco Mundial - World Development Indicators;2026-05-21;
Venezuela;Venezuela, RB;VE;VEN;Latin America & Caribbean;Not classified;1964;Infraestructura y digitalización;infraestructura_y_digitalizacion;Internet;internet;IT.NET.USER.ZS;Usuarios de internet como porcentaje de la población;;Banco Mundial - World Development Indicators;2026-05-21;
Venezuela;Venezuela, RB;VE;VEN;Latin America & Caribbean;Not classified;1965;Infraestructura y digitalización;infraestructura_y_digitalizacion;Internet;internet;IT.NET.USER.ZS;Usuarios de internet como porcentaje de la población;;Banco Mundial - World Development Indicators;2026-05-21;
Venezuela;Venezuela, RB;VE;VEN;Latin America & Caribbean;Not classified;1966;Infraestructura y digitalización;infraestructura_y_digitalizacion;Internet;internet;IT.NET.USER.ZS;Usuarios de internet como porcentaje de la población;;Banco Mundial - World Development Indicators;2026-05-21;
Venezuela;Venezuela, RB;VE;VEN;Latin America & Caribbean;Not classified;1967;Infraestructura y digitalización;infraestructura_y_digitalizacion;Internet;internet;IT.NET.USER.ZS;Usuarios de internet como porcentaje de la población;;Banco Mundial - World Development Indicators;2026-05-21;
Venezuela;Venezuela, RB;VE;VEN;Latin America & Caribbean;Not classified;1968;Infraestructura y digitalización;infraestructura_y_digitalizacion;Internet;internet;IT.NET.USER.ZS;Usuarios de internet como porcentaje de la población;;Banco Mundial - World Development Indicators;2026-05-21;
Venezuela;Venezuela, RB;VE;VEN;Latin America & Caribbean;Not classified;1969;Infraestructura y digitalización;infraestructura_y_digitalizacion;Internet;internet;IT.NET.USER.ZS;Usuarios de internet como porcentaje de la población;;Banco Mundial - World Development Indicators;2026-05-21;
Venezuela;Venezuela, RB;VE;VEN;Latin America & Caribbean;Not classified;1970;Infraestructura y digitalización;infraestructura_y_digitalizacion;Internet;internet;IT.NET.USER.ZS;Usuarios de internet como porcentaje de la población;;Banco Mundial - World Development Indicators;2026-05-21;
Venezuela;Venezuela, RB;VE;VEN;Latin America & Caribbean;Not classified;1971;Infraestructura y digitalización;infraestructura_y_digitalizacion;Internet;internet;IT.NET.USER.ZS;Usuarios de internet como porcentaje de la población;;Banco Mundial - World Development Indicators;2026-05-21;
Venezuela;Venezuela, RB;VE;VEN;Latin America & Caribbean;Not classified;1972;Infraestructura y digitalización;infraestructura_y_digitalizacion;Internet;internet;IT.NET.USER.ZS;Usuarios de internet como porcentaje de la población;;Banco Mundial - World Development Indicators;2026-05-21;
Venezuela;Venezuela, RB;VE;VEN;Latin America & Caribbean;Not classified;1973;Infraestructura y digitalización;infraestructura_y_digitalizacion;Internet;internet;IT.NET.USER.ZS;Usuarios de internet como porcentaje de la población;;Banco Mundial - World Development Indicators;2026-05-21;
Venezuela;Venezuela, RB;VE;VEN;Latin America & Caribbean;Not classified;1974;Infraestructura y digitalización;infraestructura_y_digitalizacion;Internet;internet;IT.NET.USER.ZS;Usuarios de internet como porcentaje de la población;;Banco Mundial - World Development Indicators;2026-05-21;
Venezuela;Venezuela, RB;VE;VEN;Latin America & Caribbean;Not classified;1975;Infraestructura y digitalización;infraestructura_y_digitalizacion;Internet;internet;IT.NET.USER.ZS;Usuarios de internet como porcentaje de la población;;Banco Mundial - World Development Indicators;2026-05-21;
Venezuela;Venezuela, RB;VE;VEN;Latin America & Caribbean;Not classified;1976;Infraestructura y digitalización;infraestructura_y_digitalizacion;Internet;internet;IT.NET.USER.ZS;Usuarios de internet como porcentaje de la población;;Banco Mundial - World Development Indicators;2026-05-21;
Venezuela;Venezuela, RB;VE;VEN;Latin America & Caribbean;Not classified;1977;Infraestructura y digitalización;infraestructura_y_digitalizacion;Internet;internet;IT.NET.USER.ZS;Usuarios de internet como porcentaje de la población;;Banco Mundial - World Development Indicators;2026-05-21;
Venezuela;Venezuela, RB;VE;VEN;Latin America & Caribbean;Not classified;1978;Infraestructura y digitalización;infraestructura_y_digitalizacion;Internet;internet;IT.NET.USER.ZS;Usuarios de internet como porcentaje de la población;;Banco Mundial - World Development Indicators;2026-05-21;
Venezuela;Venezuela, RB;VE;VEN;Latin America & Caribbean;Not classified;1979;Infraestructura y digitalización;infraestructura_y_digitalizacion;Internet;internet;IT.NET.USER.ZS;Usuarios de internet como porcentaje de la población;;Banco Mundial - World Development Indicators;2026-05-21;
Venezuela;Venezuela, RB;VE;VEN;Latin America & Caribbean;Not classified;1980;Infraestructura y digitalización;infraestructura_y_digitalizacion;Internet;internet;IT.NET.USER.ZS;Usuarios de internet como porcentaje de la población;;Banco Mundial - World Development Indicators;2026-05-21;
Venezuela;Venezuela, RB;VE;VEN;Latin America & Caribbean;Not classified;1981;Infraestructura y digitalización;infraestructura_y_digitalizacion;Internet;internet;IT.NET.USER.ZS;Usuarios de internet como porcentaje de la población;;Banco Mundial - World Development Indicators;2026-05-21;
Venezuela;Venezuela, RB;VE;VEN;Latin America & Caribbean;Not classified;1982;Infraestructura y digitalización;infraestructura_y_digitalizacion;Internet;internet;IT.NET.USER.ZS;Usuarios de internet como porcentaje de la población;;Banco Mundial - World Development Indicators;2026-05-21;
Venezuela;Venezuela, RB;VE;VEN;Latin America & Caribbean;Not classified;1983;Infraestructura y digitalización;infraestructura_y_digitalizacion;Internet;internet;IT.NET.USER.ZS;Usuarios de internet como porcentaje de la población;;Banco Mundial - World Development Indicators;2026-05-21;
Venezuela;Venezuela, RB;VE;VEN;Latin America & Caribbean;Not classified;1984;Infraestructura y digitalización;infraestructura_y_digitalizacion;Internet;internet;IT.NET.USER.ZS;Usuarios de internet como porcentaje de la población;;Banco Mundial - World Development Indicators;2026-05-21;
Venezuela;Venezuela, RB;VE;VEN;Latin America & Caribbean;Not classified;1985;Infraestructura y digitalización;infraestructura_y_digitalizacion;Internet;internet;IT.NET.USER.ZS;Usuarios de internet como porcentaje de la población;;Banco Mundial - World Development Indicators;2026-05-21;
Venezuela;Venezuela, RB;VE;VEN;Latin America & Caribbean;Not classified;1986;Infraestructura y digitalización;infraestructura_y_digitalizacion;Internet;internet;IT.NET.USER.ZS;Usuarios de internet como porcentaje de la población;;Banco Mundial - World Development Indicators;2026-05-21;
Venezuela;Venezuela, RB;VE;VEN;Latin America & Caribbean;Not classified;1987;Infraestructura y digitalización;infraestructura_y_digitalizacion;Internet;internet;IT.NET.USER.ZS;Usuarios de internet como porcentaje de la población;;Banco Mundial - World Development Indicators;2026-05-21;
Venezuela;Venezuela, RB;VE;VEN;Latin America & Caribbean;Not classified;1988;Infraestructura y digitalización;infraestructura_y_digitalizacion;Internet;internet;IT.NET.USER.ZS;Usuarios de internet como porcentaje de la población;;Banco Mundial - World Development Indicators;2026-05-21;
Venezuela;Venezuela, RB;VE;VEN;Latin America & Caribbean;Not classified;1989;Infraestructura y digitalización;infraestructura_y_digitalizacion;Internet;internet;IT.NET.USER.ZS;Usuarios de internet como porcentaje de la población;;Banco Mundial - World Development Indicators;2026-05-21;
Venezuela;Venezuela, RB;VE;VEN;Latin America & Caribbean;Not classified;1990;Infraestructura y digitalización;infraestructura_y_digitalizacion;Internet;internet;IT.NET.USER.ZS;Usuarios de internet como porcentaje de la población;0,00000000000000e+00;Banco Mundial - World Development Indicators;2026-05-21;
Venezuela;Venezuela, RB;VE;VEN;Latin America & Caribbean;Not classified;1991;Infraestructura y digitalización;infraestructura_y_digitalizacion;Internet;internet;IT.NET.USER.ZS;Usuarios de internet como porcentaje de la población;;Banco Mundial - World Development Indicators;2026-05-21;
Venezuela;Venezuela, RB;VE;VEN;Latin America & Caribbean;Not classified;1992;Infraestructura y digitalización;infraestructura_y_digitalizacion;Internet;internet;IT.NET.USER.ZS;Usuarios de internet como porcentaje de la población;1,21000000000000e-02;Banco Mundial - World Development Indicators;2026-05-21;
Venezuela;Venezuela, RB;VE;VEN;Latin America & Caribbean;Not classified;1993;Infraestructura y digitalización;infraestructura_y_digitalizacion;Internet;internet;IT.NET.USER.ZS;Usuarios de internet como porcentaje de la población;4,16000000000000e-02;Banco Mundial - World Development Indicators;2026-05-21;
Venezuela;Venezuela, RB;VE;VEN;Latin America & Caribbean;Not classified;1994;Infraestructura y digitalización;infraestructura_y_digitalizacion;Internet;internet;IT.NET.USER.ZS;Usuarios de internet como porcentaje de la población;5,55000000000000e-02;Banco Mundial - World Development Indicators;2026-05-21;
Venezuela;Venezuela, RB;VE;VEN;Latin America & Caribbean;Not classified;1995;Infraestructura y digitalización;infraestructura_y_digitalizacion;Internet;internet;IT.NET.USER.ZS;Usuarios de internet como porcentaje de la población;1,22000000000000e-01;Banco Mundial - World Development Indicators;2026-05-21;
Venezuela;Venezuela, RB;VE;VEN;Latin America & Caribbean;Not classified;1996;Infraestructura y digitalización;infraestructura_y_digitalizacion;Internet;internet;IT.NET.USER.ZS;Usuarios de internet como porcentaje de la población;2,48000000000000e-01;Banco Mundial - World Development Indicators;2026-05-21;
Venezuela;Venezuela, RB;VE;VEN;Latin America & Caribbean;Not classified;1997;Infraestructura y digitalización;infraestructura_y_digitalizacion;Internet;internet;IT.NET.USER.ZS;Usuarios de internet como porcentaje de la población;3,91000000000000e-01;Banco Mundial - World Development Indicators;2026-05-21;
Venezuela;Venezuela, RB;VE;VEN;Latin America & Caribbean;Not classified;1998;Infraestructura y digitalización;infraestructura_y_digitalizacion;Internet;internet;IT.NET.USER.ZS;Usuarios de internet como porcentaje de la población;1,38000000000000e+00;Banco Mundial - World Development Indicators;2026-05-21;
Venezuela;Venezuela, RB;VE;VEN;Latin America & Caribbean;Not classified;1999;Infraestructura y digitalización;infraestructura_y_digitalizacion;Internet;internet;IT.NET.USER.ZS;Usuarios de internet como porcentaje de la población;2,84000000000000e+00;Banco Mundial - World Development Indicators;2026-05-21;
Venezuela;Venezuela, RB;VE;VEN;Latin America & Caribbean;Not classified;2000;Infraestructura y digitalización;infraestructura_y_digitalizacion;Internet;internet;IT.NET.USER.ZS;Usuarios de internet como porcentaje de la población;3,35959746450360e+00;Banco Mundial - World Development Indicators;2026-05-21;
Venezuela;Venezuela, RB;VE;VEN;Latin America & Caribbean;Not classified;2001;Infraestructura y digitalización;infraestructura_y_digitalizacion;Internet;internet;IT.NET.USER.ZS;Usuarios de internet como porcentaje de la población;4,63600094778677e+00;Banco Mundial - World Development Indicators;2026-05-21;
Venezuela;Venezuela, RB;VE;VEN;Latin America & Caribbean;Not classified;2002;Infraestructura y digitalización;infraestructura_y_digitalizacion;Internet;internet;IT.NET.USER.ZS;Usuarios de internet como porcentaje de la población;4,91044632720325e+00;Banco Mundial - World Development Indicators;2026-05-21;
Venezuela;Venezuela, RB;VE;VEN;Latin America & Caribbean;Not classified;2003;Infraestructura y digitalización;infraestructura_y_digitalizacion;Internet;internet;IT.NET.USER.ZS;Usuarios de internet como porcentaje de la población;7,49996346522407e+00;Banco Mundial - World Development Indicators;2026-05-21;
Venezuela;Venezuela, RB;VE;VEN;Latin America & Caribbean;Not classified;2004;Infraestructura y digitalización;infraestructura_y_digitalizacion;Internet;internet;IT.NET.USER.ZS;Usuarios de internet como porcentaje de la población;8,40446959241215e+00;Banco Mundial - World Development Indicators;2026-05-21;
Venezuela;Venezuela, RB;VE;VEN;Latin America & Caribbean;Not classified;2005;Infraestructura y digitalización;infraestructura_y_digitalizacion;Internet;internet;IT.NET.USER.ZS;Usuarios de internet como porcentaje de la población;1,25529979098299e+01;Banco Mundial - World Development Indicators;2026-05-21;
Venezuela;Venezuela, RB;VE;VEN;Latin America & Caribbean;Not classified;2006;Infraestructura y digitalización;infraestructura_y_digitalizacion;Internet;internet;IT.NET.USER.ZS;Usuarios de internet como porcentaje de la población;1,52247114771787e+01;Banco Mundial - World Development Indicators;2026-05-21;
Venezuela;Venezuela, RB;VE;VEN;Latin America & Caribbean;Not classified;2007;Infraestructura y digitalización;infraestructura_y_digitalizacion;Internet;internet;IT.NET.USER.ZS;Usuarios de internet como porcentaje de la población;2,08300000000000e+01;Banco Mundial - World Development Indicators;2026-05-21;
Venezuela;Venezuela, RB;VE;VEN;Latin America & Caribbean;Not classified;2008;Infraestructura y digitalización;infraestructura_y_digitalizacion;Internet;internet;IT.NET.USER.ZS;Usuarios de internet como porcentaje de la población;2,58800000000000e+01;Banco Mundial - World Development Indicators;2026-05-21;
Venezuela;Venezuela, RB;VE;VEN;Latin America & Caribbean;Not classified;2009;Infraestructura y digitalización;infraestructura_y_digitalizacion;Internet;internet;IT.NET.USER.ZS;Usuarios de internet como porcentaje de la población;3,27000000000000e+01;Banco Mundial - World Development Indicators;2026-05-21;
Venezuela;Venezuela, RB;VE;VEN;Latin America & Caribbean;Not classified;2010;Infraestructura y digitalización;infraestructura_y_digitalizacion;Internet;internet;IT.NET.USER.ZS;Usuarios de internet como porcentaje de la población;3,73700000000000e+01;Banco Mundial - World Development Indicators;2026-05-21;
Venezuela;Venezuela, RB;VE;VEN;Latin America & Caribbean;Not classified;2011;Infraestructura y digitalización;infraestructura_y_digitalizacion;Internet;internet;IT.NET.USER.ZS;Usuarios de internet como porcentaje de la población;4,02200000000000e+01;Banco Mundial - World Development Indicators;2026-05-21;
Venezuela;Venezuela, RB;VE;VEN;Latin America & Caribbean;Not classified;2012;Infraestructura y digitalización;infraestructura_y_digitalizacion;Internet;internet;IT.NET.USER.ZS;Usuarios de internet como porcentaje de la población;4,90500830729861e+01;Banco Mundial - World Development Indicators;2026-05-21;
Venezuela;Venezuela, RB;VE;VEN;Latin America & Caribbean;Not classified;2013;Infraestructura y digitalización;infraestructura_y_digitalizacion;Internet;internet;IT.NET.USER.ZS;Usuarios de internet como porcentaje de la población;5,49000015300000e+01;Banco Mundial - World Development Indicators;2026-05-21;
Venezuela;Venezuela, RB;VE;VEN;Latin America & Caribbean;Not classified;2014;Infraestructura y digitalización;infraestructura_y_digitalizacion;Internet;internet;IT.NET.USER.ZS;Usuarios de internet como porcentaje de la población;5,70000000000000e+01;Banco Mundial - World Development Indicators;2026-05-21;
Venezuela;Venezuela, RB;VE;VEN;Latin America & Caribbean;Not classified;2015;Infraestructura y digitalización;infraestructura_y_digitalizacion;Internet;internet;IT.NET.USER.ZS;Usuarios de internet como porcentaje de la población;5,80000000000000e+01;Banco Mundial - World Development Indicators;2026-05-21;
Venezuela;Venezuela, RB;VE;VEN;Latin America & Caribbean;Not classified;2016;Infraestructura y digitalización;infraestructura_y_digitalizacion;Internet;internet;IT.NET.USER.ZS;Usuarios de internet como porcentaje de la población;6,00000000000000e+01;Banco Mundial - World Development Indicators;2026-05-21;
Venezuela;Venezuela, RB;VE;VEN;Latin America & Caribbean;Not classified;2017;Infraestructura y digitalización;infraestructura_y_digitalizacion;Internet;internet;IT.NET.USER.ZS;Usuarios de internet como porcentaje de la población;;Banco Mundial - World Development Indicators;2026-05-21;
Venezuela;Venezuela, RB;VE;VEN;Latin America & Caribbean;Not classified;2018;Infraestructura y digitalización;infraestructura_y_digitalizacion;Internet;internet;IT.NET.USER.ZS;Usuarios de internet como porcentaje de la población;;Banco Mundial - World Development Indicators;2026-05-21;
Venezuela;Venezuela, RB;VE;VEN;Latin America & Caribbean;Not classified;2019;Infraestructura y digitalización;infraestructura_y_digitalizacion;Internet;internet;IT.NET.USER.ZS;Usuarios de internet como porcentaje de la población;4,90500984200000e+01;Banco Mundial - World Development Indicators;2026-05-21;
Venezuela;Venezuela, RB;VE;VEN;Latin America & Caribbean;Not classified;2020;Infraestructura y digitalización;infraestructura_y_digitalizacion;Internet;internet;IT.NET.USER.ZS;Usuarios de internet como porcentaje de la población;7,24411010700000e+01;Banco Mundial - World Development Indicators;2026-05-21;
Venezuela;Venezuela, RB;VE;VEN;Latin America & Caribbean;Not classified;2021;Infraestructura y digitalización;infraestructura_y_digitalizacion;Internet;internet;IT.NET.USER.ZS;Usuarios de internet como porcentaje de la población;7,41121978800000e+01;Banco Mundial - World Development Indicators;2026-05-21;
Venezuela;Venezuela, RB;VE;VEN;Latin America & Caribbean;Not classified;2022;Infraestructura y digitalización;infraestructura_y_digitalizacion;Internet;internet;IT.NET.USER.ZS;Usuarios de internet como porcentaje de la población;7,58218002300000e+01;Banco Mundial - World Development Indicators;2026-05-21;
Venezuela;Venezuela, RB;VE;VEN;Latin America & Caribbean;Not classified;2023;Infraestructura y digitalización;infraestructura_y_digitalizacion;Internet;internet;IT.NET.USER.ZS;Usuarios de internet como porcentaje de la población;7,63319015500000e+01;Banco Mundial - World Development Indicators;2026-05-21;
Venezuela;Venezuela, RB;VE;VEN;Latin America & Caribbean;Not classified;2024;Infraestructura y digitalización;infraestructura_y_digitalizacion;Internet;internet;IT.NET.USER.ZS;Usuarios de internet como porcentaje de la población;7,66789016700000e+01;Banco Mundial - World Development Indicators;2026-05-21;
Venezuela;Venezuela, RB;VE;VEN;Latin America & Caribbean;Not classified;2025;Infraestructura y digitalización;infraestructura_y_digitalizacion;Internet;internet;IT.NET.USER.ZS;Usuarios de internet como porcentaje de la población;;Banco Mundial - World Development Indicators;2026-05-21;
Venezuela;Venezuela, RB;VE;VEN;Latin America & Caribbean;Not classified;1960;Infraestructura y digitalización;infraestructura_y_digitalizacion;Telefonía móvil;telefonia_movil;IT.CEL.SETS.P2;Suscripciones móviles por cada 100 habitantes;0,00000000000000e+00;Banco Mundial - World Development Indicators;2026-05-21;
Venezuela;Venezuela, RB;VE;VEN;Latin America & Caribbean;Not classified;1961;Infraestructura y digitalización;infraestructura_y_digitalizacion;Telefonía móvil;telefonia_movil;IT.CEL.SETS.P2;Suscripciones móviles por cada 100 habitantes;;Banco Mundial - World Development Indicators;2026-05-21;
Venezuela;Venezuela, RB;VE;VEN;Latin America & Caribbean;Not classified;1962;Infraestructura y digitalización;infraestructura_y_digitalizacion;Telefonía móvil;telefonia_movil;IT.CEL.SETS.P2;Suscripciones móviles por cada 100 habitantes;;Banco Mundial - World Development Indicators;2026-05-21;
Venezuela;Venezuela, RB;VE;VEN;Latin America & Caribbean;Not classified;1963;Infraestructura y digitalización;infraestructura_y_digitalizacion;Telefonía móvil;telefonia_movil;IT.CEL.SETS.P2;Suscripciones móviles por cada 100 habitantes;;Banco Mundial - World Development Indicators;2026-05-21;
Venezuela;Venezuela, RB;VE;VEN;Latin America & Caribbean;Not classified;1964;Infraestructura y digitalización;infraestructura_y_digitalizacion;Telefonía móvil;telefonia_movil;IT.CEL.SETS.P2;Suscripciones móviles por cada 100 habitantes;;Banco Mundial - World Development Indicators;2026-05-21;
Venezuela;Venezuela, RB;VE;VEN;Latin America & Caribbean;Not classified;1965;Infraestructura y digitalización;infraestructura_y_digitalizacion;Telefonía móvil;telefonia_movil;IT.CEL.SETS.P2;Suscripciones móviles por cada 100 habitantes;0,00000000000000e+00;Banco Mundial - World Development Indicators;2026-05-21;
Venezuela;Venezuela, RB;VE;VEN;Latin America & Caribbean;Not classified;1966;Infraestructura y digitalización;infraestructura_y_digitalizacion;Telefonía móvil;telefonia_movil;IT.CEL.SETS.P2;Suscripciones móviles por cada 100 habitantes;;Banco Mundial - World Development Indicators;2026-05-21;
Venezuela;Venezuela, RB;VE;VEN;Latin America & Caribbean;Not classified;1967;Infraestructura y digitalización;infraestructura_y_digitalizacion;Telefonía móvil;telefonia_movil;IT.CEL.SETS.P2;Suscripciones móviles por cada 100 habitantes;;Banco Mundial - World Development Indicators;2026-05-21;
Venezuela;Venezuela, RB;VE;VEN;Latin America & Caribbean;Not classified;1968;Infraestructura y digitalización;infraestructura_y_digitalizacion;Telefonía móvil;telefonia_movil;IT.CEL.SETS.P2;Suscripciones móviles por cada 100 habitantes;;Banco Mundial - World Development Indicators;2026-05-21;
Venezuela;Venezuela, RB;VE;VEN;Latin America & Caribbean;Not classified;1969;Infraestructura y digitalización;infraestructura_y_digitalizacion;Telefonía móvil;telefonia_movil;IT.CEL.SETS.P2;Suscripciones móviles por cada 100 habitantes;;Banco Mundial - World Development Indicators;2026-05-21;
Venezuela;Venezuela, RB;VE;VEN;Latin America & Caribbean;Not classified;1970;Infraestructura y digitalización;infraestructura_y_digitalizacion;Telefonía móvil;telefonia_movil;IT.CEL.SETS.P2;Suscripciones móviles por cada 100 habitantes;0,00000000000000e+00;Banco Mundial - World Development Indicators;2026-05-21;
Venezuela;Venezuela, RB;VE;VEN;Latin America & Caribbean;Not classified;1971;Infraestructura y digitalización;infraestructura_y_digitalizacion;Telefonía móvil;telefonia_movil;IT.CEL.SETS.P2;Suscripciones móviles por cada 100 habitantes;;Banco Mundial - World Development Indicators;2026-05-21;
Venezuela;Venezuela, RB;VE;VEN;Latin America & Caribbean;Not classified;1972;Infraestructura y digitalización;infraestructura_y_digitalizacion;Telefonía móvil;telefonia_movil;IT.CEL.SETS.P2;Suscripciones móviles por cada 100 habitantes;;Banco Mundial - World Development Indicators;2026-05-21;
Venezuela;Venezuela, RB;VE;VEN;Latin America & Caribbean;Not classified;1973;Infraestructura y digitalización;infraestructura_y_digitalizacion;Telefonía móvil;telefonia_movil;IT.CEL.SETS.P2;Suscripciones móviles por cada 100 habitantes;;Banco Mundial - World Development Indicators;2026-05-21;
Venezuela;Venezuela, RB;VE;VEN;Latin America & Caribbean;Not classified;1974;Infraestructura y digitalización;infraestructura_y_digitalizacion;Telefonía móvil;telefonia_movil;IT.CEL.SETS.P2;Suscripciones móviles por cada 100 habitantes;;Banco Mundial - World Development Indicators;2026-05-21;
Venezuela;Venezuela, RB;VE;VEN;Latin America & Caribbean;Not classified;1975;Infraestructura y digitalización;infraestructura_y_digitalizacion;Telefonía móvil;telefonia_movil;IT.CEL.SETS.P2;Suscripciones móviles por cada 100 habitantes;0,00000000000000e+00;Banco Mundial - World Development Indicators;2026-05-21;
Venezuela;Venezuela, RB;VE;VEN;Latin America & Caribbean;Not classified;1976;Infraestructura y digitalización;infraestructura_y_digitalizacion;Telefonía móvil;telefonia_movil;IT.CEL.SETS.P2;Suscripciones móviles por cada 100 habitantes;0,00000000000000e+00;Banco Mundial - World Development Indicators;2026-05-21;
Venezuela;Venezuela, RB;VE;VEN;Latin America & Caribbean;Not classified;1977;Infraestructura y digitalización;infraestructura_y_digitalizacion;Telefonía móvil;telefonia_movil;IT.CEL.SETS.P2;Suscripciones móviles por cada 100 habitantes;0,00000000000000e+00;Banco Mundial - World Development Indicators;2026-05-21;
Venezuela;Venezuela, RB;VE;VEN;Latin America & Caribbean;Not classified;1978;Infraestructura y digitalización;infraestructura_y_digitalizacion;Telefonía móvil;telefonia_movil;IT.CEL.SETS.P2;Suscripciones móviles por cada 100 habitantes;0,00000000000000e+00;Banco Mundial - World Development Indicators;2026-05-21;
Venezuela;Venezuela, RB;VE;VEN;Latin America & Caribbean;Not classified;1979;Infraestructura y digitalización;infraestructura_y_digitalizacion;Telefonía móvil;telefonia_movil;IT.CEL.SETS.P2;Suscripciones móviles por cada 100 habitantes;0,00000000000000e+00;Banco Mundial - World Development Indicators;2026-05-21;
Venezuela;Venezuela, RB;VE;VEN;Latin America & Caribbean;Not classified;1980;Infraestructura y digitalización;infraestructura_y_digitalizacion;Telefonía móvil;telefonia_movil;IT.CEL.SETS.P2;Suscripciones móviles por cada 100 habitantes;0,00000000000000e+00;Banco Mundial - World Development Indicators;2026-05-21;
Venezuela;Venezuela, RB;VE;VEN;Latin America & Caribbean;Not classified;1981;Infraestructura y digitalización;infraestructura_y_digitalizacion;Telefonía móvil;telefonia_movil;IT.CEL.SETS.P2;Suscripciones móviles por cada 100 habitantes;0,00000000000000e+00;Banco Mundial - World Development Indicators;2026-05-21;
Venezuela;Venezuela, RB;VE;VEN;Latin America & Caribbean;Not classified;1982;Infraestructura y digitalización;infraestructura_y_digitalizacion;Telefonía móvil;telefonia_movil;IT.CEL.SETS.P2;Suscripciones móviles por cada 100 habitantes;0,00000000000000e+00;Banco Mundial - World Development Indicators;2026-05-21;
Venezuela;Venezuela, RB;VE;VEN;Latin America & Caribbean;Not classified;1983;Infraestructura y digitalización;infraestructura_y_digitalizacion;Telefonía móvil;telefonia_movil;IT.CEL.SETS.P2;Suscripciones móviles por cada 100 habitantes;0,00000000000000e+00;Banco Mundial - World Development Indicators;2026-05-21;
Venezuela;Venezuela, RB;VE;VEN;Latin America & Caribbean;Not classified;1984;Infraestructura y digitalización;infraestructura_y_digitalizacion;Telefonía móvil;telefonia_movil;IT.CEL.SETS.P2;Suscripciones móviles por cada 100 habitantes;0,00000000000000e+00;Banco Mundial - World Development Indicators;2026-05-21;
Venezuela;Venezuela, RB;VE;VEN;Latin America & Caribbean;Not classified;1985;Infraestructura y digitalización;infraestructura_y_digitalizacion;Telefonía móvil;telefonia_movil;IT.CEL.SETS.P2;Suscripciones móviles por cada 100 habitantes;0,00000000000000e+00;Banco Mundial - World Development Indicators;2026-05-21;
Venezuela;Venezuela, RB;VE;VEN;Latin America & Caribbean;Not classified;1986;Infraestructura y digitalización;infraestructura_y_digitalizacion;Telefonía móvil;telefonia_movil;IT.CEL.SETS.P2;Suscripciones móviles por cada 100 habitantes;0,00000000000000e+00;Banco Mundial - World Development Indicators;2026-05-21;
Venezuela;Venezuela, RB;VE;VEN;Latin America & Caribbean;Not classified;1987;Infraestructura y digitalización;infraestructura_y_digitalizacion;Telefonía móvil;telefonia_movil;IT.CEL.SETS.P2;Suscripciones móviles por cada 100 habitantes;0,00000000000000e+00;Banco Mundial - World Development Indicators;2026-05-21;
Venezuela;Venezuela, RB;VE;VEN;Latin America & Caribbean;Not classified;1988;Infraestructura y digitalización;infraestructura_y_digitalizacion;Telefonía móvil;telefonia_movil;IT.CEL.SETS.P2;Suscripciones móviles por cada 100 habitantes;9,57407600000000e-03;Banco Mundial - World Development Indicators;2026-05-21;
Venezuela;Venezuela, RB;VE;VEN;Latin America & Caribbean;Not classified;1989;Infraestructura y digitalización;infraestructura_y_digitalizacion;Telefonía móvil;telefonia_movil;IT.CEL.SETS.P2;Suscripciones móviles por cada 100 habitantes;1,91177390000000e-02;Banco Mundial - World Development Indicators;2026-05-21;
Venezuela;Venezuela, RB;VE;VEN;Latin America & Caribbean;Not classified;1990;Infraestructura y digitalización;infraestructura_y_digitalizacion;Telefonía móvil;telefonia_movil;IT.CEL.SETS.P2;Suscripciones móviles por cada 100 habitantes;3,75786450000000e-02;Banco Mundial - World Development Indicators;2026-05-21;
Venezuela;Venezuela, RB;VE;VEN;Latin America & Caribbean;Not classified;1991;Infraestructura y digitalización;infraestructura_y_digitalizacion;Telefonía móvil;telefonia_movil;IT.CEL.SETS.P2;Suscripciones móviles por cada 100 habitantes;8,20717110000000e-02;Banco Mundial - World Development Indicators;2026-05-21;
Venezuela;Venezuela, RB;VE;VEN;Latin America & Caribbean;Not classified;1992;Infraestructura y digitalización;infraestructura_y_digitalizacion;Telefonía móvil;telefonia_movil;IT.CEL.SETS.P2;Suscripciones móviles por cada 100 habitantes;3,79508456000000e-01;Banco Mundial - World Development Indicators;2026-05-21;
Venezuela;Venezuela, RB;VE;VEN;Latin America & Caribbean;Not classified;1993;Infraestructura y digitalización;infraestructura_y_digitalizacion;Telefonía móvil;telefonia_movil;IT.CEL.SETS.P2;Suscripciones móviles por cada 100 habitantes;8,62455779000000e-01;Banco Mundial - World Development Indicators;2026-05-21;
Venezuela;Venezuela, RB;VE;VEN;Latin America & Caribbean;Not classified;1994;Infraestructura y digitalización;infraestructura_y_digitalizacion;Telefonía móvil;telefonia_movil;IT.CEL.SETS.P2;Suscripciones móviles por cada 100 habitantes;1,47406525400000e+00;Banco Mundial - World Development Indicators;2026-05-21;
Venezuela;Venezuela, RB;VE;VEN;Latin America & Caribbean;Not classified;1995;Infraestructura y digitalización;infraestructura_y_digitalizacion;Telefonía móvil;telefonia_movil;IT.CEL.SETS.P2;Suscripciones móviles por cada 100 habitantes;1,82654713900000e+00;Banco Mundial - World Development Indicators;2026-05-21;
Venezuela;Venezuela, RB;VE;VEN;Latin America & Caribbean;Not classified;1996;Infraestructura y digitalización;infraestructura_y_digitalizacion;Telefonía móvil;telefonia_movil;IT.CEL.SETS.P2;Suscripciones móviles por cada 100 habitantes;2,57707409700000e+00;Banco Mundial - World Development Indicators;2026-05-21;
Venezuela;Venezuela, RB;VE;VEN;Latin America & Caribbean;Not classified;1997;Infraestructura y digitalización;infraestructura_y_digitalizacion;Telefonía móvil;telefonia_movil;IT.CEL.SETS.P2;Suscripciones móviles por cada 100 habitantes;4,65283629600000e+00;Banco Mundial - World Development Indicators;2026-05-21;
Venezuela;Venezuela, RB;VE;VEN;Latin America & Caribbean;Not classified;1998;Infraestructura y digitalización;infraestructura_y_digitalizacion;Telefonía móvil;telefonia_movil;IT.CEL.SETS.P2;Suscripciones móviles por cada 100 habitantes;8,55076785600000e+00;Banco Mundial - World Development Indicators;2026-05-21;
Venezuela;Venezuela, RB;VE;VEN;Latin America & Caribbean;Not classified;1999;Infraestructura y digitalización;infraestructura_y_digitalizacion;Telefonía móvil;telefonia_movil;IT.CEL.SETS.P2;Suscripciones móviles por cada 100 habitantes;1,57914687600000e+01;Banco Mundial - World Development Indicators;2026-05-21;
Venezuela;Venezuela, RB;VE;VEN;Latin America & Caribbean;Not classified;2000;Infraestructura y digitalización;infraestructura_y_digitalizacion;Telefonía móvil;telefonia_movil;IT.CEL.SETS.P2;Suscripciones móviles por cada 100 habitantes;2,22091444151412e+01;Banco Mundial - World Development Indicators;2026-05-21;
Venezuela;Venezuela, RB;VE;VEN;Latin America & Caribbean;Not classified;2001;Infraestructura y digitalización;infraestructura_y_digitalizacion;Telefonía móvil;telefonia_movil;IT.CEL.SETS.P2;Suscripciones móviles por cada 100 habitantes;2,59111457593823e+01;Banco Mundial - World Development Indicators;2026-05-21;
Venezuela;Venezuela, RB;VE;VEN;Latin America & Caribbean;Not classified;2002;Infraestructura y digitalización;infraestructura_y_digitalizacion;Telefonía móvil;telefonia_movil;IT.CEL.SETS.P2;Suscripciones móviles por cada 100 habitantes;2,57193686771621e+01;Banco Mundial - World Development Indicators;2026-05-21;
Venezuela;Venezuela, RB;VE;VEN;Latin America & Caribbean;Not classified;2003;Infraestructura y digitalización;infraestructura_y_digitalizacion;Telefonía móvil;telefonia_movil;IT.CEL.SETS.P2;Suscripciones móviles por cada 100 habitantes;2,70930423911324e+01;Banco Mundial - World Development Indicators;2026-05-21;
Venezuela;Venezuela, RB;VE;VEN;Latin America & Caribbean;Not classified;2004;Infraestructura y digitalización;infraestructura_y_digitalizacion;Telefonía móvil;telefonia_movil;IT.CEL.SETS.P2;Suscripciones móviles por cada 100 habitantes;3,19692942191133e+01;Banco Mundial - World Development Indicators;2026-05-21;
Venezuela;Venezuela, RB;VE;VEN;Latin America & Caribbean;Not classified;2005;Infraestructura y digitalización;infraestructura_y_digitalizacion;Telefonía móvil;telefonia_movil;IT.CEL.SETS.P2;Suscripciones móviles por cada 100 habitantes;4,66505354851398e+01;Banco Mundial - World Development Indicators;2026-05-21;
Venezuela;Venezuela, RB;VE;VEN;Latin America & Caribbean;Not classified;2006;Infraestructura y digitalización;infraestructura_y_digitalizacion;Telefonía móvil;telefonia_movil;IT.CEL.SETS.P2;Suscripciones móviles por cada 100 habitantes;6,90162817672167e+01;Banco Mundial - World Development Indicators;2026-05-21;
Venezuela;Venezuela, RB;VE;VEN;Latin America & Caribbean;Not classified;2007;Infraestructura y digitalización;infraestructura_y_digitalizacion;Telefonía móvil;telefonia_movil;IT.CEL.SETS.P2;Suscripciones móviles por cada 100 habitantes;8,61507478490553e+01;Banco Mundial - World Development Indicators;2026-05-21;
Venezuela;Venezuela, RB;VE;VEN;Latin America & Caribbean;Not classified;2008;Infraestructura y digitalización;infraestructura_y_digitalizacion;Telefonía móvil;telefonia_movil;IT.CEL.SETS.P2;Suscripciones móviles por cada 100 habitantes;9,77210881589364e+01;Banco Mundial - World Development Indicators;2026-05-21;
Venezuela;Venezuela, RB;VE;VEN;Latin America & Caribbean;Not classified;2009;Infraestructura y digitalización;infraestructura_y_digitalizacion;Telefonía móvil;telefonia_movil;IT.CEL.SETS.P2;Suscripciones móviles por cada 100 habitantes;9,88932952316626e+01;Banco Mundial - World Development Indicators;2026-05-21;
Venezuela;Venezuela, RB;VE;VEN;Latin America & Caribbean;Not classified;2010;Infraestructura y digitalización;infraestructura_y_digitalizacion;Telefonía móvil;telefonia_movil;IT.CEL.SETS.P2;Suscripciones móviles por cada 100 habitantes;9,67619972595105e+01;Banco Mundial - World Development Indicators;2026-05-21;
Venezuela;Venezuela, RB;VE;VEN;Latin America & Caribbean;Not classified;2011;Infraestructura y digitalización;infraestructura_y_digitalizacion;Telefonía móvil;telefonia_movil;IT.CEL.SETS.P2;Suscripciones móviles por cada 100 habitantes;9,86184338835709e+01;Banco Mundial - World Development Indicators;2026-05-21;
Venezuela;Venezuela, RB;VE;VEN;Latin America & Caribbean;Not classified;2012;Infraestructura y digitalización;infraestructura_y_digitalizacion;Telefonía móvil;telefonia_movil;IT.CEL.SETS.P2;Suscripciones móviles por cada 100 habitantes;1,03435247267139e+02;Banco Mundial - World Development Indicators;2026-05-21;
Venezuela;Venezuela, RB;VE;VEN;Latin America & Caribbean;Not classified;2013;Infraestructura y digitalización;infraestructura_y_digitalizacion;Telefonía móvil;telefonia_movil;IT.CEL.SETS.P2;Suscripciones móviles por cada 100 habitantes;1,03289230032510e+02;Banco Mundial - World Development Indicators;2026-05-21;
Venezuela;Venezuela, RB;VE;VEN;Latin America & Caribbean;Not classified;2014;Infraestructura y digitalización;infraestructura_y_digitalizacion;Telefonía móvil;telefonia_movil;IT.CEL.SETS.P2;Suscripciones móviles por cada 100 habitantes;1,00905474597326e+02;Banco Mundial - World Development Indicators;2026-05-21;
Venezuela;Venezuela, RB;VE;VEN;Latin America & Caribbean;Not classified;2015;Infraestructura y digitalización;infraestructura_y_digitalizacion;Telefonía móvil;telefonia_movil;IT.CEL.SETS.P2;Suscripciones móviles por cada 100 habitantes;9,51577930404332e+01;Banco Mundial - World Development Indicators;2026-05-21;
Venezuela;Venezuela, RB;VE;VEN;Latin America & Caribbean;Not classified;2016;Infraestructura y digitalización;infraestructura_y_digitalizacion;Telefonía móvil;telefonia_movil;IT.CEL.SETS.P2;Suscripciones móviles por cada 100 habitantes;8,97131385191050e+01;Banco Mundial - World Development Indicators;2026-05-21;
Venezuela;Venezuela, RB;VE;VEN;Latin America & Caribbean;Not classified;2017;Infraestructura y digitalización;infraestructura_y_digitalizacion;Telefonía móvil;telefonia_movil;IT.CEL.SETS.P2;Suscripciones móviles por cada 100 habitantes;8,01355411817503e+01;Banco Mundial - World Development Indicators;2026-05-21;
Venezuela;Venezuela, RB;VE;VEN;Latin America & Caribbean;Not classified;2018;Infraestructura y digitalización;infraestructura_y_digitalizacion;Telefonía móvil;telefonia_movil;IT.CEL.SETS.P2;Suscripciones móviles por cada 100 habitantes;6,95499623049054e+01;Banco Mundial - World Development Indicators;2026-05-21;
Venezuela;Venezuela, RB;VE;VEN;Latin America & Caribbean;Not classified;2019;Infraestructura y digitalización;infraestructura_y_digitalizacion;Telefonía móvil;telefonia_movil;IT.CEL.SETS.P2;Suscripciones móviles por cada 100 habitantes;6,38474442929871e+01;Banco Mundial - World Development Indicators;2026-05-21;
Venezuela;Venezuela, RB;VE;VEN;Latin America & Caribbean;Not classified;2020;Infraestructura y digitalización;infraestructura_y_digitalizacion;Telefonía móvil;telefonia_movil;IT.CEL.SETS.P2;Suscripciones móviles por cada 100 habitantes;5,81625657953324e+01;Banco Mundial - World Development Indicators;2026-05-21;
Venezuela;Venezuela, RB;VE;VEN;Latin America & Caribbean;Not classified;2021;Infraestructura y digitalización;infraestructura_y_digitalizacion;Telefonía móvil;telefonia_movil;IT.CEL.SETS.P2;Suscripciones móviles por cada 100 habitantes;6,02344883065715e+01;Banco Mundial - World Development Indicators;2026-05-21;
Venezuela;Venezuela, RB;VE;VEN;Latin America & Caribbean;Not classified;2022;Infraestructura y digitalización;infraestructura_y_digitalizacion;Telefonía móvil;telefonia_movil;IT.CEL.SETS.P2;Suscripciones móviles por cada 100 habitantes;6,64667731210739e+01;Banco Mundial - World Development Indicators;2026-05-21;
Venezuela;Venezuela, RB;VE;VEN;Latin America & Caribbean;Not classified;2023;Infraestructura y digitalización;infraestructura_y_digitalizacion;Telefonía móvil;telefonia_movil;IT.CEL.SETS.P2;Suscripciones móviles por cada 100 habitantes;7,02197325918151e+01;Banco Mundial - World Development Indicators;2026-05-21;
Venezuela;Venezuela, RB;VE;VEN;Latin America & Caribbean;Not classified;2024;Infraestructura y digitalización;infraestructura_y_digitalizacion;Telefonía móvil;telefonia_movil;IT.CEL.SETS.P2;Suscripciones móviles por cada 100 habitantes;7,10075917225029e+01;Banco Mundial - World Development Indicators;2026-05-21;
Venezuela;Venezuela, RB;VE;VEN;Latin America & Caribbean;Not classified;2025;Infraestructura y digitalización;infraestructura_y_digitalizacion;Telefonía móvil;telefonia_movil;IT.CEL.SETS.P2;Suscripciones móviles por cada 100 habitantes;;Banco Mundial - World Development Indicators;2026-05-21;
Venezuela;Venezuela, RB;VE;VEN;Latin America & Caribbean;Not classified;1960;Infraestructura y digitalización;infraestructura_y_digitalizacion;Transporte;transporte;IS.AIR.PSGR;Pasajeros transportados por vía aérea;;Banco Mundial - World Development Indicators;2026-05-21;
Venezuela;Venezuela, RB;VE;VEN;Latin America & Caribbean;Not classified;1961;Infraestructura y digitalización;infraestructura_y_digitalizacion;Transporte;transporte;IS.AIR.PSGR;Pasajeros transportados por vía aérea;;Banco Mundial - World Development Indicators;2026-05-21;
Venezuela;Venezuela, RB;VE;VEN;Latin America & Caribbean;Not classified;1962;Infraestructura y digitalización;infraestructura_y_digitalizacion;Transporte;transporte;IS.AIR.PSGR;Pasajeros transportados por vía aérea;;Banco Mundial - World Development Indicators;2026-05-21;
Venezuela;Venezuela, RB;VE;VEN;Latin America & Caribbean;Not classified;1963;Infraestructura y digitalización;infraestructura_y_digitalizacion;Transporte;transporte;IS.AIR.PSGR;Pasajeros transportados por vía aérea;;Banco Mundial - World Development Indicators;2026-05-21;
Venezuela;Venezuela, RB;VE;VEN;Latin America & Caribbean;Not classified;1964;Infraestructura y digitalización;infraestructura_y_digitalizacion;Transporte;transporte;IS.AIR.PSGR;Pasajeros transportados por vía aérea;;Banco Mundial - World Development Indicators;2026-05-21;
Venezuela;Venezuela, RB;VE;VEN;Latin America & Caribbean;Not classified;1965;Infraestructura y digitalización;infraestructura_y_digitalizacion;Transporte;transporte;IS.AIR.PSGR;Pasajeros transportados por vía aérea;;Banco Mundial - World Development Indicators;2026-05-21;
Venezuela;Venezuela, RB;VE;VEN;Latin America & Caribbean;Not classified;1966;Infraestructura y digitalización;infraestructura_y_digitalizacion;Transporte;transporte;IS.AIR.PSGR;Pasajeros transportados por vía aérea;;Banco Mundial - World Development Indicators;2026-05-21;
Venezuela;Venezuela, RB;VE;VEN;Latin America & Caribbean;Not classified;1967;Infraestructura y digitalización;infraestructura_y_digitalizacion;Transporte;transporte;IS.AIR.PSGR;Pasajeros transportados por vía aérea;;Banco Mundial - World Development Indicators;2026-05-21;
Venezuela;Venezuela, RB;VE;VEN;Latin America & Caribbean;Not classified;1968;Infraestructura y digitalización;infraestructura_y_digitalizacion;Transporte;transporte;IS.AIR.PSGR;Pasajeros transportados por vía aérea;;Banco Mundial - World Development Indicators;2026-05-21;
Venezuela;Venezuela, RB;VE;VEN;Latin America & Caribbean;Not classified;1969;Infraestructura y digitalización;infraestructura_y_digitalizacion;Transporte;transporte;IS.AIR.PSGR;Pasajeros transportados por vía aérea;;Banco Mundial - World Development Indicators;2026-05-21;
Venezuela;Venezuela, RB;VE;VEN;Latin America & Caribbean;Not classified;1970;Infraestructura y digitalización;infraestructura_y_digitalizacion;Transporte;transporte;IS.AIR.PSGR;Pasajeros transportados por vía aérea;1,25330000000000e+06;Banco Mundial - World Development Indicators;2026-05-21;
Venezuela;Venezuela, RB;VE;VEN;Latin America & Caribbean;Not classified;1971;Infraestructura y digitalización;infraestructura_y_digitalizacion;Transporte;transporte;IS.AIR.PSGR;Pasajeros transportados por vía aérea;1,30160000000000e+06;Banco Mundial - World Development Indicators;2026-05-21;
Venezuela;Venezuela, RB;VE;VEN;Latin America & Caribbean;Not classified;1972;Infraestructura y digitalización;infraestructura_y_digitalizacion;Transporte;transporte;IS.AIR.PSGR;Pasajeros transportados por vía aérea;1,51100000000000e+06;Banco Mundial - World Development Indicators;2026-05-21;
Venezuela;Venezuela, RB;VE;VEN;Latin America & Caribbean;Not classified;1973;Infraestructura y digitalización;infraestructura_y_digitalizacion;Transporte;transporte;IS.AIR.PSGR;Pasajeros transportados por vía aérea;1,76590000000000e+06;Banco Mundial - World Development Indicators;2026-05-21;
Venezuela;Venezuela, RB;VE;VEN;Latin America & Caribbean;Not classified;1974;Infraestructura y digitalización;infraestructura_y_digitalizacion;Transporte;transporte;IS.AIR.PSGR;Pasajeros transportados por vía aérea;1,98150000000000e+06;Banco Mundial - World Development Indicators;2026-05-21;
Venezuela;Venezuela, RB;VE;VEN;Latin America & Caribbean;Not classified;1975;Infraestructura y digitalización;infraestructura_y_digitalizacion;Transporte;transporte;IS.AIR.PSGR;Pasajeros transportados por vía aérea;2,35520000000000e+06;Banco Mundial - World Development Indicators;2026-05-21;
Venezuela;Venezuela, RB;VE;VEN;Latin America & Caribbean;Not classified;1976;Infraestructura y digitalización;infraestructura_y_digitalizacion;Transporte;transporte;IS.AIR.PSGR;Pasajeros transportados por vía aérea;2,70840000000000e+06;Banco Mundial - World Development Indicators;2026-05-21;
Venezuela;Venezuela, RB;VE;VEN;Latin America & Caribbean;Not classified;1977;Infraestructura y digitalización;infraestructura_y_digitalizacion;Transporte;transporte;IS.AIR.PSGR;Pasajeros transportados por vía aérea;3,50060000000000e+06;Banco Mundial - World Development Indicators;2026-05-21;
Venezuela;Venezuela, RB;VE;VEN;Latin America & Caribbean;Not classified;1978;Infraestructura y digitalización;infraestructura_y_digitalizacion;Transporte;transporte;IS.AIR.PSGR;Pasajeros transportados por vía aérea;4,04270000000000e+06;Banco Mundial - World Development Indicators;2026-05-21;
Venezuela;Venezuela, RB;VE;VEN;Latin America & Caribbean;Not classified;1979;Infraestructura y digitalización;infraestructura_y_digitalizacion;Transporte;transporte;IS.AIR.PSGR;Pasajeros transportados por vía aérea;4,77170000000000e+06;Banco Mundial - World Development Indicators;2026-05-21;
Venezuela;Venezuela, RB;VE;VEN;Latin America & Caribbean;Not classified;1980;Infraestructura y digitalización;infraestructura_y_digitalizacion;Transporte;transporte;IS.AIR.PSGR;Pasajeros transportados por vía aérea;5,13330000000000e+06;Banco Mundial - World Development Indicators;2026-05-21;
Venezuela;Venezuela, RB;VE;VEN;Latin America & Caribbean;Not classified;1981;Infraestructura y digitalización;infraestructura_y_digitalizacion;Transporte;transporte;IS.AIR.PSGR;Pasajeros transportados por vía aérea;5,14700000000000e+06;Banco Mundial - World Development Indicators;2026-05-21;
Venezuela;Venezuela, RB;VE;VEN;Latin America & Caribbean;Not classified;1982;Infraestructura y digitalización;infraestructura_y_digitalizacion;Transporte;transporte;IS.AIR.PSGR;Pasajeros transportados por vía aérea;5,66720000000000e+06;Banco Mundial - World Development Indicators;2026-05-21;
Venezuela;Venezuela, RB;VE;VEN;Latin America & Caribbean;Not classified;1983;Infraestructura y digitalización;infraestructura_y_digitalizacion;Transporte;transporte;IS.AIR.PSGR;Pasajeros transportados por vía aérea;5,00020000000000e+06;Banco Mundial - World Development Indicators;2026-05-21;
Venezuela;Venezuela, RB;VE;VEN;Latin America & Caribbean;Not classified;1984;Infraestructura y digitalización;infraestructura_y_digitalizacion;Transporte;transporte;IS.AIR.PSGR;Pasajeros transportados por vía aérea;4,57080000000000e+06;Banco Mundial - World Development Indicators;2026-05-21;
Venezuela;Venezuela, RB;VE;VEN;Latin America & Caribbean;Not classified;1985;Infraestructura y digitalización;infraestructura_y_digitalizacion;Transporte;transporte;IS.AIR.PSGR;Pasajeros transportados por vía aérea;4,96650000000000e+06;Banco Mundial - World Development Indicators;2026-05-21;
Venezuela;Venezuela, RB;VE;VEN;Latin America & Caribbean;Not classified;1986;Infraestructura y digitalización;infraestructura_y_digitalizacion;Transporte;transporte;IS.AIR.PSGR;Pasajeros transportados por vía aérea;5,79090000000000e+06;Banco Mundial - World Development Indicators;2026-05-21;
Venezuela;Venezuela, RB;VE;VEN;Latin America & Caribbean;Not classified;1987;Infraestructura y digitalización;infraestructura_y_digitalizacion;Transporte;transporte;IS.AIR.PSGR;Pasajeros transportados por vía aérea;6,45410000000000e+06;Banco Mundial - World Development Indicators;2026-05-21;
Venezuela;Venezuela, RB;VE;VEN;Latin America & Caribbean;Not classified;1988;Infraestructura y digitalización;infraestructura_y_digitalizacion;Transporte;transporte;IS.AIR.PSGR;Pasajeros transportados por vía aérea;8,38380000000000e+06;Banco Mundial - World Development Indicators;2026-05-21;
Venezuela;Venezuela, RB;VE;VEN;Latin America & Caribbean;Not classified;1989;Infraestructura y digitalización;infraestructura_y_digitalizacion;Transporte;transporte;IS.AIR.PSGR;Pasajeros transportados por vía aérea;1,00988000000000e+07;Banco Mundial - World Development Indicators;2026-05-21;
Venezuela;Venezuela, RB;VE;VEN;Latin America & Caribbean;Not classified;1990;Infraestructura y digitalización;infraestructura_y_digitalizacion;Transporte;transporte;IS.AIR.PSGR;Pasajeros transportados por vía aérea;6,84680000000000e+06;Banco Mundial - World Development Indicators;2026-05-21;
Venezuela;Venezuela, RB;VE;VEN;Latin America & Caribbean;Not classified;1991;Infraestructura y digitalización;infraestructura_y_digitalizacion;Transporte;transporte;IS.AIR.PSGR;Pasajeros transportados por vía aérea;6,79520000000000e+06;Banco Mundial - World Development Indicators;2026-05-21;
Venezuela;Venezuela, RB;VE;VEN;Latin America & Caribbean;Not classified;1992;Infraestructura y digitalización;infraestructura_y_digitalizacion;Transporte;transporte;IS.AIR.PSGR;Pasajeros transportados por vía aérea;7,14940000000000e+06;Banco Mundial - World Development Indicators;2026-05-21;
Venezuela;Venezuela, RB;VE;VEN;Latin America & Caribbean;Not classified;1993;Infraestructura y digitalización;infraestructura_y_digitalizacion;Transporte;transporte;IS.AIR.PSGR;Pasajeros transportados por vía aérea;6,81390000000000e+06;Banco Mundial - World Development Indicators;2026-05-21;
Venezuela;Venezuela, RB;VE;VEN;Latin America & Caribbean;Not classified;1994;Infraestructura y digitalización;infraestructura_y_digitalizacion;Transporte;transporte;IS.AIR.PSGR;Pasajeros transportados por vía aérea;5,26680000000000e+06;Banco Mundial - World Development Indicators;2026-05-21;
Venezuela;Venezuela, RB;VE;VEN;Latin America & Caribbean;Not classified;1995;Infraestructura y digitalización;infraestructura_y_digitalizacion;Transporte;transporte;IS.AIR.PSGR;Pasajeros transportados por vía aérea;4,44500000000000e+06;Banco Mundial - World Development Indicators;2026-05-21;
Venezuela;Venezuela, RB;VE;VEN;Latin America & Caribbean;Not classified;1996;Infraestructura y digitalización;infraestructura_y_digitalizacion;Transporte;transporte;IS.AIR.PSGR;Pasajeros transportados por vía aérea;4,48740000000000e+06;Banco Mundial - World Development Indicators;2026-05-21;
Venezuela;Venezuela, RB;VE;VEN;Latin America & Caribbean;Not classified;1997;Infraestructura y digitalización;infraestructura_y_digitalizacion;Transporte;transporte;IS.AIR.PSGR;Pasajeros transportados por vía aérea;4,02030000000000e+06;Banco Mundial - World Development Indicators;2026-05-21;
Venezuela;Venezuela, RB;VE;VEN;Latin America & Caribbean;Not classified;1998;Infraestructura y digitalización;infraestructura_y_digitalizacion;Transporte;transporte;IS.AIR.PSGR;Pasajeros transportados por vía aérea;3,73660000000000e+06;Banco Mundial - World Development Indicators;2026-05-21;
Venezuela;Venezuela, RB;VE;VEN;Latin America & Caribbean;Not classified;1999;Infraestructura y digitalización;infraestructura_y_digitalizacion;Transporte;transporte;IS.AIR.PSGR;Pasajeros transportados por vía aérea;4,69000000000000e+06;Banco Mundial - World Development Indicators;2026-05-21;
Venezuela;Venezuela, RB;VE;VEN;Latin America & Caribbean;Not classified;2000;Infraestructura y digitalización;infraestructura_y_digitalizacion;Transporte;transporte;IS.AIR.PSGR;Pasajeros transportados por vía aérea;4,29500000000000e+06;Banco Mundial - World Development Indicators;2026-05-21;
Venezuela;Venezuela, RB;VE;VEN;Latin America & Caribbean;Not classified;2001;Infraestructura y digitalización;infraestructura_y_digitalizacion;Transporte;transporte;IS.AIR.PSGR;Pasajeros transportados por vía aérea;9,45243400000000e+06;Banco Mundial - World Development Indicators;2026-05-21;
Venezuela;Venezuela, RB;VE;VEN;Latin America & Caribbean;Not classified;2002;Infraestructura y digitalización;infraestructura_y_digitalizacion;Transporte;transporte;IS.AIR.PSGR;Pasajeros transportados por vía aérea;6,36945500000000e+06;Banco Mundial - World Development Indicators;2026-05-21;
Venezuela;Venezuela, RB;VE;VEN;Latin America & Caribbean;Not classified;2003;Infraestructura y digitalización;infraestructura_y_digitalizacion;Transporte;transporte;IS.AIR.PSGR;Pasajeros transportados por vía aérea;3,88992900000000e+06;Banco Mundial - World Development Indicators;2026-05-21;
Venezuela;Venezuela, RB;VE;VEN;Latin America & Caribbean;Not classified;2004;Infraestructura y digitalización;infraestructura_y_digitalizacion;Transporte;transporte;IS.AIR.PSGR;Pasajeros transportados por vía aérea;4,94388700000000e+06;Banco Mundial - World Development Indicators;2026-05-21;
Venezuela;Venezuela, RB;VE;VEN;Latin America & Caribbean;Not classified;2005;Infraestructura y digitalización;infraestructura_y_digitalizacion;Transporte;transporte;IS.AIR.PSGR;Pasajeros transportados por vía aérea;5,04302800000000e+06;Banco Mundial - World Development Indicators;2026-05-21;
Venezuela;Venezuela, RB;VE;VEN;Latin America & Caribbean;Not classified;2006;Infraestructura y digitalización;infraestructura_y_digitalizacion;Transporte;transporte;IS.AIR.PSGR;Pasajeros transportados por vía aérea;5,22557300000000e+06;Banco Mundial - World Development Indicators;2026-05-21;
Venezuela;Venezuela, RB;VE;VEN;Latin America & Caribbean;Not classified;2007;Infraestructura y digitalización;infraestructura_y_digitalizacion;Transporte;transporte;IS.AIR.PSGR;Pasajeros transportados por vía aérea;5,49529200000000e+06;Banco Mundial - World Development Indicators;2026-05-21;
Venezuela;Venezuela, RB;VE;VEN;Latin America & Caribbean;Not classified;2008;Infraestructura y digitalización;infraestructura_y_digitalizacion;Transporte;transporte;IS.AIR.PSGR;Pasajeros transportados por vía aérea;5,76697300000000e+06;Banco Mundial - World Development Indicators;2026-05-21;
Venezuela;Venezuela, RB;VE;VEN;Latin America & Caribbean;Not classified;2009;Infraestructura y digitalización;infraestructura_y_digitalizacion;Transporte;transporte;IS.AIR.PSGR;Pasajeros transportados por vía aérea;5,12100900000000e+06;Banco Mundial - World Development Indicators;2026-05-21;
Venezuela;Venezuela, RB;VE;VEN;Latin America & Caribbean;Not classified;2010;Infraestructura y digitalización;infraestructura_y_digitalizacion;Transporte;transporte;IS.AIR.PSGR;Pasajeros transportados por vía aérea;6,42816300000000e+06;Banco Mundial - World Development Indicators;2026-05-21;
Venezuela;Venezuela, RB;VE;VEN;Latin America & Caribbean;Not classified;2011;Infraestructura y digitalización;infraestructura_y_digitalizacion;Transporte;transporte;IS.AIR.PSGR;Pasajeros transportados por vía aérea;7,72828125393288e+06;Banco Mundial - World Development Indicators;2026-05-21;
Venezuela;Venezuela, RB;VE;VEN;Latin America & Caribbean;Not classified;2012;Infraestructura y digitalización;infraestructura_y_digitalizacion;Transporte;transporte;IS.AIR.PSGR;Pasajeros transportados por vía aérea;7,73850964544939e+06;Banco Mundial - World Development Indicators;2026-05-21;
Venezuela;Venezuela, RB;VE;VEN;Latin America & Caribbean;Not classified;2013;Infraestructura y digitalización;infraestructura_y_digitalizacion;Transporte;transporte;IS.AIR.PSGR;Pasajeros transportados por vía aérea;6,86678059935996e+06;Banco Mundial - World Development Indicators;2026-05-21;
Venezuela;Venezuela, RB;VE;VEN;Latin America & Caribbean;Not classified;2014;Infraestructura y digitalización;infraestructura_y_digitalizacion;Transporte;transporte;IS.AIR.PSGR;Pasajeros transportados por vía aérea;7,88872239935996e+06;Banco Mundial - World Development Indicators;2026-05-21;
Venezuela;Venezuela, RB;VE;VEN;Latin America & Caribbean;Not classified;2015;Infraestructura y digitalización;infraestructura_y_digitalizacion;Transporte;transporte;IS.AIR.PSGR;Pasajeros transportados por vía aérea;7,08607200000000e+06;Banco Mundial - World Development Indicators;2026-05-21;
Venezuela;Venezuela, RB;VE;VEN;Latin America & Caribbean;Not classified;2016;Infraestructura y digitalización;infraestructura_y_digitalizacion;Transporte;transporte;IS.AIR.PSGR;Pasajeros transportados por vía aérea;6,02547500000000e+06;Banco Mundial - World Development Indicators;2026-05-21;
Venezuela;Venezuela, RB;VE;VEN;Latin America & Caribbean;Not classified;2017;Infraestructura y digitalización;infraestructura_y_digitalizacion;Transporte;transporte;IS.AIR.PSGR;Pasajeros transportados por vía aérea;4,20915800000000e+06;Banco Mundial - World Development Indicators;2026-05-21;
Venezuela;Venezuela, RB;VE;VEN;Latin America & Caribbean;Not classified;2018;Infraestructura y digitalización;infraestructura_y_digitalizacion;Transporte;transporte;IS.AIR.PSGR;Pasajeros transportados por vía aérea;2,21740700000000e+06;Banco Mundial - World Development Indicators;2026-05-21;
Venezuela;Venezuela, RB;VE;VEN;Latin America & Caribbean;Not classified;2019;Infraestructura y digitalización;infraestructura_y_digitalizacion;Transporte;transporte;IS.AIR.PSGR;Pasajeros transportados por vía aérea;1,51683900000000e+06;Banco Mundial - World Development Indicators;2026-05-21;
Venezuela;Venezuela, RB;VE;VEN;Latin America & Caribbean;Not classified;2020;Infraestructura y digitalización;infraestructura_y_digitalizacion;Transporte;transporte;IS.AIR.PSGR;Pasajeros transportados por vía aérea;2,83524000000000e+05;Banco Mundial - World Development Indicators;2026-05-21;
Venezuela;Venezuela, RB;VE;VEN;Latin America & Caribbean;Not classified;2021;Infraestructura y digitalización;infraestructura_y_digitalizacion;Transporte;transporte;IS.AIR.PSGR;Pasajeros transportados por vía aérea;2,65276000000000e+05;Banco Mundial - World Development Indicators;2026-05-21;
Venezuela;Venezuela, RB;VE;VEN;Latin America & Caribbean;Not classified;2022;Infraestructura y digitalización;infraestructura_y_digitalizacion;Transporte;transporte;IS.AIR.PSGR;Pasajeros transportados por vía aérea;1,37394800000000e+06;Banco Mundial - World Development Indicators;2026-05-21;
Venezuela;Venezuela, RB;VE;VEN;Latin America & Caribbean;Not classified;2023;Infraestructura y digitalización;infraestructura_y_digitalizacion;Transporte;transporte;IS.AIR.PSGR;Pasajeros transportados por vía aérea;1,78366700000000e+06;Banco Mundial - World Development Indicators;2026-05-21;
Venezuela;Venezuela, RB;VE;VEN;Latin America & Caribbean;Not classified;2024;Infraestructura y digitalización;infraestructura_y_digitalizacion;Transporte;transporte;IS.AIR.PSGR;Pasajeros transportados por vía aérea;;Banco Mundial - World Development Indicators;2026-05-21;
Venezuela;Venezuela, RB;VE;VEN;Latin America & Caribbean;Not classified;2025;Infraestructura y digitalización;infraestructura_y_digitalizacion;Transporte;transporte;IS.AIR.PSGR;Pasajeros transportados por vía aérea;;Banco Mundial - World Development Indicators;2026-05-21;
